Title,Published At,Duration,View Count,Like Count,Dislike Count,Channel Title,Channel ID,Description,Tags,Category ID,Comment Count,Favorite Count
Why Are Conservative Arguments So Bad?,2024-02-22T14:49:47Z,PT25M50S,29339,3082,N/A,Doki Doki Discourse,UCgQcWW5Tbfnv79TT41thXKQ,"Howdy y'all, today we're looking at a bunch of bad conservative talking points and maybe something more

Support me on Patreon:
https://www.patreon.com/DokiDokiDiscourse

Support me on Ko-fi:
https://ko-fi.com/dokidokidiscourse

Second channel:
https://youtube.com/@DokiDokiDos

Follow Me:
Twitter: https://twitter.com/DokiDiscourse?s=20
Instagram: https://www.instagram.com/doki_doki_discourse/
TikTok: https://www.tiktok.com/@dokidokidiscourse

Sources: https://docs.google.com/document/d/17W_MMLQnYqqWl6hwTxD-27NOu0pl5fq_4UbQSht4-bU/edit?usp=sharing","Video Essay,Breadtube,Leftist,LGBT,LGBTQ,Trans,Trans Rights,Conservative,DEI,Defund the Police,BLM,Nikki Haley,JK Rowling,Cis,Cisgender,Elon Musk,Charlie Kirk,Transgender,Furry,Transphobia,Debate,Politics,Political Debate,Climate Change,The Misinformation Age,Fake News,Alternative Facts,LGBTQ Creator,LGBTQ Rights,Climate Denial,Global Warming,PragerU,Arguments,Right Wing,Right Wing Arguments,Talking Points",27,582,0
Segregation Nation: How US Schools Remain Divided,2024-01-15T16:23:15Z,PT47M52S,22172,2001,N/A,Doki Doki Discourse,UCgQcWW5Tbfnv79TT41thXKQ,"Practice critical thinking and stay informed on breaking news by subscribing through my link https://ground.news/dokidoki to receive 30% off the Vantage Subscription which is about $5/month for unlimited access to all the features needed to improve your news consumption habits or subscribe to the Pro-Plan for less than $1/month.


Howdy y'all, today we're looking at the history of African American education in the US and the challenges faced by integration efforts (or lack thereof) in the wake of Brown v. Board, Happy MLK day!

Chapters: 
Intro - 00:00
Yes, This is Actually True - 01:18
How We Got Here - 06:52
Why Brown v. Board did not Fix Racism 12:36
Ad - 15:13
Part 3 Cont'd - 17:14
How One Asshole Parent Brought Segregation Back to Charlotte - 29:43
Desegregate the Schools, Obviously - 36:24

Support me on Patreon:
https://www.patreon.com/DokiDokiDiscourse

Support me on Ko-fi:
https://ko-fi.com/dokidokidiscourse

Second channel:
https://youtube.com/@DokiDokiDos

Follow Me:
Twitter: https://twitter.com/DokiDiscourse?s=20
Instagram: https://www.instagram.com/doki_doki_discourse/
TikTok: https://www.tiktok.com/@dokidokidiscourse

Shaun's video: https://youtu.be/UBc7qBS1Ujo?si=JndJBXClX2feFPEP

Sources: https://docs.google.com/document/d/1nctMieHhj8h-pf20wE-GqsLSDIUBZqkYW7TGELQn25g/edit?usp=sharing","Video Essay,Breadtube,Leftist,MLK Day,MLK,MLK Jr,Racism,History,Segregation,Schools,Brown v Board,Redlining,Bussing,Supreme Court,Housing Segregation,Black History,African American History,Politcs,Political History,Civil War,Reconstruction,New Deal,US,US History,Martin Luther King,Cutting School,The Color of Law,Rosenwald Schools,Booker T Washington,Slavery,Education,Civil Rights,1954,Desegregation,Charlotte,Detroit,Little Rock Nine,Boston Bussing,Charter",27,235,0
The Trans Panic,2023-10-26T14:26:00Z,PT1H11M37S,52180,4700,N/A,Doki Doki Discourse,UCgQcWW5Tbfnv79TT41thXKQ,"Howdy y'all, today we're looking at attacks on trans rights and the rhetoric backing them.   Happy Halloween! üè≥Ô∏è‚Äç‚ößÔ∏è

Chapters: 
Intro - 00:00
Are Trans People Coming for Your Kids? - 01:46
Is Trans Healthcare Mad Science? - 16:37
Are Trans People Literally the Devil? - 35:59
Why are We Still Doing This? - 52:30
Our Scary Future - 1:07:16

Support me on Patreon:
https://www.patreon.com/DokiDokiDiscourse

Support me on Ko-fi:
https://ko-fi.com/dokidokidiscourse

Second channel:
https://youtube.com/@DokiDokiDos

Follow Me:
Twitter: https://twitter.com/DokiDiscourse?s=20
Instagram: https://www.instagram.com/doki_doki_discourse/
TikTok: https://www.tiktok.com/@dokidokidiscourse

Shaun's video: https://youtu.be/b4buJMMiwcg?si=IMTfnjy1hcCZ-qCW

Contrapoints' video: https://youtu.be/PbBzhqJK3bg?si=jER5a0tUcgZ1G1vS

Some other videos that were helpful in making this one:

""Irreversible Damage is Trash, and Here's Why"": https://youtu.be/fKIy-Tck74A?si=oLgQ90cWQIJb9eug

""I was a transgender child: https://youtu.be/a4r0CoXsGmk?si=BkxiUI3ltwGn-AcQ

""Why transgender women belong in womens sports"": https://youtu.be/JLhR5yxDAPM?si=VDN1kakeaiGjSUvf

Sources: https://docs.google.com/document/d/1Y39CHT4N-Kt0mGdCwIc5o6goMKyf8eTDl31RNBzUA0E/edit?usp=sharing","Video Essay,Breadtube,Leftist,Transgender,Trans Panic Defense,LGBT,LGBTQ,LGBTQ Creator,Trans Rights,Transgender Rights,HRT,Trans Healthcare,Irreversible Damage,Matt Walsh,Lia Thomas,Bathroom Bills,BBC,BBC Trans,Libs of TikTok,Trans Athletes,Women's Sports,Trans Creator,Trans Chess,Chaya Raichik,Trans Healthcare Bans,Anti-Trans Bills,Don't Say Gay Bill,Joe Rogan,Hormone Replacement Therapy,Detransitioners,Trans Youth,Ron Desantis,LGBTQ Rights",27,1294,0
PragerU vs Democracy,2023-08-14T19:09:12Z,PT1H3M37S,140797,7340,N/A,Doki Doki Discourse,UCgQcWW5Tbfnv79TT41thXKQ,"Howdy y'all, today we're looking at the right's attacks on democracy in the US, both throughout history and contemporaneously through media outlets like PragerU.  

Chapters: 
Intro - 00:00
The Electoral College - 01:01
The Voter Fraud Fraud - 13:45
Taking Away the Vote - 31:58
Conservatives Hate Democracy - 39:00
What Do - 51:51

Support me on Patreon:
https://www.patreon.com/DokiDokiDiscourse

Support me on Ko-fi:
https://ko-fi.com/dokidokidiscourse

Second channel:
https://youtube.com/@DokiDokiDos

Follow Me:
Twitter: https://twitter.com/DokiDiscourse?s=20
Instagram: https://www.instagram.com/doki_doki_discourse/
TikTok: https://www.tiktok.com/@dokidokidiscourse

 Innuendo Studios ""The Alt-Right Playbook: You Go High, We Go Low"": https://youtu.be/MAbab8aP4_A
""Recycled Racism, The History of Voter ID Laws"": https://youtu.be/DmnIf88t2ys
""How Racism Ruined American Elections: The History of the Black Vote"": https://youtu.be/-JHP_Vb-fqo 

Source doc: https://docs.google.com/document/d/1cmriKZSrjTyHQvLztUzRkU3ciAlXhuB6uO87N4s2EOc/edit?usp=sharing

Grab Atlas VPN for just $1.83/mo + 3 months extra before the SUMMER DEAL expires: https://get.atlasvpn.com/DokiDoki üò∏","Video Essay,Breadtube,Leftist,PragerU,PragerU Response,Voting,Voting Rights,Voter ID,Civil Rights,PragerU Voting,Prager University,PragerU Kids,Voter Fraud,PragerU Lies,Give us the Ballot,Electoral College,3/5ths Compromise,Politics,History,Voting Rights Act,Supreme Court,Congress,Polling,Election,FPTP,RCV,Senate,Democracy vs Republic,Gerrymandering,Redistricting,Representation,Political Theory,Civics,Court Packing,Court Expansion,Early Voting,Vote,Left",27,1210,0
"How ""Protecting the Children"" Shields Bigotry",2023-06-28T13:07:45Z,PT17M26S,87981,8435,N/A,Doki Doki Discourse,UCgQcWW5Tbfnv79TT41thXKQ,"Howdy y'all, happy pride month, today we're taking a crack at one of the most common talking points from the anti-LGBTQ crowd, and really just the right as a whole, the claim that they are ""protecting children""

Support me on Patreon:
https://www.patreon.com/DokiDokiDiscourse

Support me on Ko-fi:
https://ko-fi.com/dokidokidiscourse

Second channel:
https://youtube.com/@DokiDokiDos

Follow Me:
Twitter: https://twitter.com/DokiDiscourse?s=20
Instagram: https://www.instagram.com/doki_doki_discourse/
TikTok: https://www.tiktok.com/@dokidokidiscourse


Involvement page, Human Rights Campaign: https://www.hrc.org/get-involved?_ga=2.60286061.1140005694.1687903868-1554560739.1687642416
Donate page, Human Rights Campaign: https://give.hrc.org/page/125581/donate/1?chain&ea.tracking.id=em_fun_FY24_redirect
Contact info for congress (this channel endorses yelling at politicians): https://www.house.gov/representatives

Owl House Ranking: https://youtu.be/7hcq78NsACI

Sources: https://docs.google.com/document/d/1n-pqLvaQMcWmjrXFhEZEEJKzb4ozYu8zPaIt1qC1Uf4/edit?usp=sharing

Thanks for Watching!","Video Essay,Breadtube,Leftist,LGBT,LGBTQ,Pride,Pride Month,Transgender,Trans Rights,LGBTQ Rights,Homophobia,Transphobia,Trans Sports,DDD,Doki,Doki Doki Discourse,Trans Healthcare,Transgender Rights,History,Civil Rights Movement,Bussing,Anita Bryant,Save Our Children,Matt Walsh,Matt Walsh Documentary,Innocence,Childhood Innocence,Nonbinary,Trans Youth,Trans Kids,Sex Ed,Education,Schooling,Don't Say Gay,Don't Say Gay Bill,Ron DeSantis,LGBTQ Creators,Essay",27,2037,0
"The Problem With ""Lolita"" Adaptations",2023-05-31T21:19:00Z,PT1H40M47S,390364,19741,N/A,Doki Doki Discourse,UCgQcWW5Tbfnv79TT41thXKQ,"Howdy y'all, today we're looking at the history of film adaptations of Vladimir Nabokov's ""Lolita"" in an attempt to find out why this film is so difficult to translate to the screen.  Content warning for... y'know...


Chapters:
Introduction: 00:00
Nabokov's Lolita: 01:13
Kubrick's Lolita: 28:20
Lyne's Lolita: 1:02:45
Why Lolita?: 1:22:17
Credits: 1:39:01





Support me on Patreon:
https://www.patreon.com/DokiDokiDiscourse

Support me on Ko-fi:
https://ko-fi.com/dokidokidiscourse

Second channel:
https://youtube.com/@DokiDokiDos

Follow Me:
Twitter: https://twitter.com/DokiDiscourse?s=20
Instagram: https://www.instagram.com/doki_doki_discourse/
TikTok: https://www.tiktok.com/@dokidokidiscourse

Lolita Podcast: https://www.iheart.com/podcast/1119-lolita-73899842/
""Being Lolita"": https://us.macmillan.com/books/9781250217219/beinglolita

I'm not linking to any of the movies cause they aren't very good, you can find them pretty easily should you wish.



Thanks for watching!","Video Essay,Breadtube,Leftist,Lolita,Lolita Movie,Film,Kubrick,Adrian Lyne,Sue Lyon,Dominique Swaine,Stanley Kubrick,James B Harris,Media Analysis,Review,Movie Review,Movie Analysis,American Beauty,Nabokov,Vladimir Nabokov,Banned Books,Lolita Podcast,Jamie Loftus,Being Lolita,Book,Book Review,Book Analysis,Literature,Kubrick Review,Dolores Haze,Humbert Humbert,Russian Literature,Controversial Books,Adaptation,Book Adaptation,Film Adaptation,Lo",27,2176,0
How the Far-Right Weaponizes Memes,2023-03-12T16:39:29Z,PT16M46S,54056,4900,N/A,Doki Doki Discourse,UCgQcWW5Tbfnv79TT41thXKQ,"Howdy y'all, today we're taking a look at how far-right ideologues use memes to recruit for their cause and what memes they're picking.  Featuring a bonus post-credits rant about personal stuff.

Support me on Patreon:
https://www.patreon.com/DokiDokiDiscourse

Support me on Ko-fi:
https://ko-fi.com/dokidokidiscourse

Second channel:
https://youtube.com/@DokiDokiDos

Follow Me:
Twitter: https://twitter.com/DokiDiscourse?s=20
Instagram: https://www.instagram.com/doki_doki_discourse/
TikTok: https://www.tiktok.com/@dokidokidiscourse

More videos on the pipeline:
""How to Radicalize a Normie"" - https://youtu.be/P55t6eryY3g
""The Pewdiepipeline"" - https://youtu.be/pnmRYRRDbuw
""TikTok Has A Radicalization Problem"" - https://youtu.be/qPd0UGfxcao","Video Essay,Breadtube,Leftist,Memes,K-ON,Pepe,Far-Right,Radicalization,The Pewdiepipeline,Doki,DDD,Doki Discourse,Right Wing,Right Wing Radicalization,Radicalisation,Anime,Far right anime,Joker,The Joker",27,831,0
J.K. Rowling and the Hogwarts Legacy Boycott,2023-01-30T16:29:42Z,PT17M6S,13347,984,N/A,Doki Doki Discourse,UCgQcWW5Tbfnv79TT41thXKQ,"Howdy y'all, today we're taking a look at the new Harry Potter game and why you probably shouldn't buy it.

Support me on Patreon:
https://www.patreon.com/DokiDokiDiscourse

Support me on Ko-fi:
https://ko-fi.com/dokidokidiscourse

Second channel:
https://youtube.com/@DokiDokiDos

Follow Me:
Twitter: https://twitter.com/DokiDiscourse?s=20
Instagram: https://www.instagram.com/doki_doki_discourse/
TikTok: https://www.tiktok.com/@dokidokidiscourse

J.K. Rowling videos:

""JK Rowling's New Friends"": https://youtu.be/Ou_xvXJJk7k

""J.K. Rowling | ContraPoints"": https://youtu.be/7gDKbT_l2us

""I'm Done With JK Rowling"": https://youtu.be/_GBUArD51KY

""An Over-Emotional Look at Why JK Rowling is Bad"": https://youtu.be/xLuNGhQPDHM

""WOKE BRANDS"": https://youtu.be/06yy88tLWlg","Video Essay,Breadtube,Leftist,JK Rowling,Harry Potter,Hogwarts,Hogwarts Legacy,Harry Potter Game,Boycott,JK Rowling Boycott,Trans,Transgender,Transphobia,JK Rowling Transphobia,Domina,Domina Game,BigNic,Domina Steam,Domina Transphobia,Keffals,Domina Keffals,Oneshot,Oneshot Game,Niko Oneshot,JK Rowling Matt Walsh,Rowling,Wizarding World,HP,Wizard,Hogwarts Game",27,148,0
White Artists In Black Music: A History,2022-12-16T17:04:09Z,PT11M48S,5803,496,N/A,Doki Doki Discourse,UCgQcWW5Tbfnv79TT41thXKQ,"Howdy y'all, today we take a look at the history of white musical artists working in traditionally black genres.

Support me on Patreon:
https://www.patreon.com/DokiDokiDiscourse

Support me on Ko-fi:
https://ko-fi.com/dokidokidiscourse

Second channel:
https://youtube.com/@DokiDokiDos

Follow Me:
Twitter: https://twitter.com/DokiDiscourse?s=20
Instagram: https://www.instagram.com/doki_doki_discourse/
TikTok: https://www.tiktok.com/@dokidokidiscourse","Video Essay,Breadtube,Leftist,Music,Black Music,Rock,Rock n Roll,Hip Hop,Rap,Elvis,Elvis Presley,Pat Boone,Vanilla Ice,Eminem,Big Mama Thornton,Sister Rosetta Tharpe,Little Richard,Culture Vulture,Blackfishing,Cultural Appropriation,Elvis Movie,History,Black History,Music History,Doki,Doki Doki Discourse,DDD",27,58,0
"Elon Musk, Twitter Checkmarks, and the Appropriation of Revolutionary Rhetoric",2022-11-17T17:41:37Z,PT18M40S,7450,632,N/A,Doki Doki Discourse,UCgQcWW5Tbfnv79TT41thXKQ,"Howdy y'all, today we take a look at Elon Musk's acquisition of Twitter dot com and the rhetoric he's employing to convince thousands of dweebs to give him 8 dollars for a blue checkmark.

Support me on Patreon:
https://www.patreon.com/DokiDokiDiscourse

Support me on Ko-fi:
https://ko-fi.com/dokidokidiscourse

Second channel:
https://youtube.com/@DokiDokiDos

Follow Me:
Twitter: https://twitter.com/DokiDiscourse?s=20
Instagram: https://www.instagram.com/doki_doki_discourse/
TikTok: https://www.tiktok.com/@dokidokidiscourse

Sources:
https://docs.google.com/document/d/1nV4p9fuf_1Qx00FMJdkZbwYpGSFaCthIdEdKbHdr8_s/edit?usp=sharing","Video Essay,Breadtube,Leftist,DDD,Elon,Musk,Elon Musk,Twitter,Elon Musk Twitter,Twitter Checkmarks,8 Dollars,Elon Musk Essay,Elon Musk Free Speech,Tesla,Free Speech,Martin Tripp,Elon Musk Whistleblower,Leftist Essay,LGBTQ Creator,Elon Musk 8 Dollars,$8,Rhetoric,Elon Musk Press,Journalists,News Elon Musk,Doki Discourse,Tesla China,Elon Musk Submarine,Elon Musk Bricks,Elon Musk Tesla,Elon Musk Boring Company,SpaceX,Elon Musk is not Your Friend,Checkmark",27,30,0
Fear Politics,2022-10-25T14:46:48Z,PT31M2S,16199,1173,N/A,Doki Doki Discourse,UCgQcWW5Tbfnv79TT41thXKQ,"Howdy y'all, today we get spooky, happy halloween!

Support me on Patreon:
https://www.patreon.com/DokiDokiDiscourse

Support me on Ko-fi:
https://ko-fi.com/dokidokidiscourse

Follow Me:
Twitter: https://twitter.com/DokiDiscourse?s=20
Instagram: https://www.instagram.com/doki_doki_discourse/
TikTok: https://www.tiktok.com/@dokidokidiscourse

Second channel:
https://youtube.com/@DokiDokiDos

Chapters:
Intro: 0:00
War on Drugs: 0:51
Crime: 7:00
LGBTQ Rights: 13:19
Why?: 16:47
Against the Left: 22:28
What Do?: 25:37

Sources: 
https://docs.google.com/document/d/1PWHEw6HHFzz1gBQHUvWzIWuolyWd-gIgvAppJQId74c/edit?usp=sharing","Video Essay,Breadtube,Leftist,Fear,Politics,Political,George Bush,Reagan,Obama,Nixon,History,Political History,War on Drugs,Drug War,LGBT,LGBTQ,Terfs,Voting Rights,Doki,Doki Discourse,Doki Doki Discourse,DDD,LGBTQ Creator,JK Rowling,Matt Walsh,trans,transgender,trans rights,transgender rights,aids,monkeypox",27,98,0
"Biking Sucks, Let's Fix It",2022-10-08T15:55:04Z,PT21M41S,2592,259,N/A,Doki Doki Discourse,UCgQcWW5Tbfnv79TT41thXKQ,"Howdy y'all, today we go on a bike trip to OwOsso and discuss how to improve our broken biking infrastructure, stick around till the end, there's a snack at the finish line.

Don't mock me for the shaky ride footage, I was just holding my phone with one hand, I didn't want to die.

Support me on Patreon:
https://www.patreon.com/DokiDokiDiscourse

Support me on Ko-fi:
https://ko-fi.com/dokidokidiscourse

Second channel:
https://youtube.com/@DokiDokiDos

Follow Me:
Twitter: https://twitter.com/DokiDiscourse?s=20
Instagram: https://www.instagram.com/doki_doki_discourse/
TikTok: https://www.tiktok.com/@dokidokidiscourse

Sources: 
https://docs.google.com/document/d/1MqVdbhRkTJP2giN4pYyuvon7voK5PiDplL-bv9iaDHw/edit?usp=sharing","Video Essay,Breadtube,Leftist,Bikes,Biking,Cyclists,Cycling,Urban Planning,Leftist Urban Planning,Public Transport,Trains,Busses,Trams,Bike Lanes,Public Transit,Infrastructure,Transportation,Transportation Infrastructure,Rural Planning,Rural biking,Country Biking,Bikers,City Biking,OwOsso,Urban Planning Video Essay",27,44,0
How the Right Lies About History,2022-09-27T22:52:41Z,PT27M38S,90880,4468,N/A,Doki Doki Discourse,UCgQcWW5Tbfnv79TT41thXKQ,"Howdy y'all, today we go over how the right approaches the harder to stomach elements of US history, or rather, how they don't approach them.  We examine and respond to the arguments in favor of this approach to history and go on a fun bike ride to find cool locations to film.

Chapters:
Intro: 0:00
""Promoting Patriotism"": 2:05
""Preserving History"": 7:41
""Protecting Innocence"": 9:27
""Not Making White Kids Feel Bad"": 18:04
Why?: 24:30
Credits: 26:58

Support me on Patreon:
https://www.patreon.com/DokiDokiDiscourse

Support me on Ko-fi:
https://ko-fi.com/dokidokidiscourse

Second channel:
https://youtube.com/@DokiDokiDos

Follow Me:
Twitter: https://twitter.com/DokiDiscourse?s=20
Instagram: https://www.instagram.com/doki_doki_discourse/
TikTok: https://www.tiktok.com/@dokidokidiscourse

Sources: https://docs.google.com/document/d/1b524OnNdK3ymKy_YERNUbflfefsFIrecIqcwYDdrqmk/edit?usp=sharing","Video Essay,Breadtube,Leftist,History,US,USA,US History,Columbus,Robert E Lee,Lee,Washington,Jefferson,Founding Fathers,Slavery,Civil War,Ty Seidule,Robert E Lee and Me,History Video Essay,Doki Doki Discourse,DDD,Doki Discourse,Hard History,Tania Crasnianski,Children of Nazis",27,597,0
That Time the US Overthrew a Government for Bananas,2022-09-03T16:00:07Z,PT37M45S,15344,1074,N/A,Doki Doki Discourse,UCgQcWW5Tbfnv79TT41thXKQ,"Howdy y'all, today we take a closer look at the how the United States overthrew the government of Guatemala in order to secure the interests of the United Fruit Company and their banana plantations.  As well as the long-term effects of the coup on Guatemala, the company, and the US.

Chapters:
Intro: 0:00
History: 1:07
Important People: 6:47
Decree 900: 12:32
PBFortune: 16:24
PBSuccess: 19:43
PBHistory: 28:31
Conclusion: 35:14

Support me on Patreon:
https://www.patreon.com/DokiDokiDiscourse

Support me on Ko-fi:
https://ko-fi.com/dokidokidiscourse

Second channel:
https://youtube.com/@DokiDokiDos

Follow Me:
Twitter: https://twitter.com/DokiDiscourse?s=20
Instagram: https://www.instagram.com/doki_doki_discourse/
TikTok: https://www.tiktok.com/@dokidokidiscourse

Sam & Max Soundtrack: https://skunkapegames.bandcamp.com/album/sam-max-save-the-world

Sources: https://docs.google.com/document/d/1q6OnTqr0q9Ju70NRlmjT4nDOEL3oKuRkE2REFVmpLDQ/edit?usp=sharing","History,Guatemala,United Fruit,United States,UFC,US,US Coup,Jacobo Arbenz,Castillo Armas,Eisenhower,Truman,US Invasion,Latin America,Guatemalan Civil War,Chiquita,Banana Republic,Chiquita Coup,Banana coup,CIA,CIA Coup,CIA Guatemala,CIA Invasion,Arevalo,Jorge Ubico,Mayan,Guatemalan History,Socialism,Capitalism,Political,Breadtube,Video Essay,Shaun,Hbomberguy,Contrapoints,Jose,FD Signifier,Three Arrows,Some More News,Big Joel,Leftist,Communism,Lobbying",27,97,0
How Conservatives Assign Blame (ft. PragerU),2022-08-14T15:09:43Z,PT21M37S,73709,4403,N/A,Doki Doki Discourse,UCgQcWW5Tbfnv79TT41thXKQ,"Howdy y'all, in this video way take a look at how conservatives analyze systemic failures in capitalist systems compared to socialist ones.  

Additionally, we follow Alex's quest to find a place to hoop.

Follow Me:
Twitter: https://twitter.com/DokiDiscourse?s=20
Instagram: https://www.instagram.com/doki_doki_discourse/
TikTok: https://www.tiktok.com/@dokidokidiscourse

Support me on Patreon:
https://www.patreon.com/DokiDokiDiscourse

Support me on Ko-fi:
https://ko-fi.com/dokidokidiscourse

Second channel:
https://youtube.com/@DokiDokiDos

Oneshot soundtrack: https://nightmargin.bandcamp.com/album/oneshot-soundtrack
Oneshot solstice soundtrack: https://nightmargin.bandcamp.com/album/oneshot-solstice-soundtrack

Sources: https://docs.google.com/document/d/1qXqu3gxjeWNSZ0VqTZ652tAGGo1u5PW8K7bJ9xmNp08/edit?usp=sharing","PragerU,PragerU Debunk,PragerU Response,PragerU Lies to You,Video Essay,Venezuela,Capitalism,Communism,Socialism,Soviet Union,USSR,China,India,Great Depression,Calvin Coolidge,Herbert Hoover,Venezuelan Financial Crisis,Hugo Chavez,Nicolas Maduro,Leftist,Breadtube,Shaun,Contrapoints,Jose,Hbomberguy,Big Joel,FD Signifier,World War 1,World War 2,Leftism",27,582,0
How Transphobia Hurts Cis People,2022-06-29T14:57:47Z,PT19M2S,75125,6534,N/A,Doki Doki Discourse,UCgQcWW5Tbfnv79TT41thXKQ,"Howdy y'all, for pride month we're taking a look at how transphobia is a double-edged sword.

Here's the links for the organizations mentioned in the video if you would like to donate/volunteer
Athlete Ally: https://www.athleteally.org/
The Trevor Project: https://www.thetrevorproject.org/
ACLU: https://www.aclu.org/

Follow Me:
Twitter: https://twitter.com/DokiDiscourse?s=20
Instagram: https://www.instagram.com/doki_doki_discourse/
TikTok: https://www.tiktok.com/@dokidokidiscourse

Support me on Patreon:
https://www.patreon.com/DokiDokiDiscourse

Support me on Ko-fi:
https://ko-fi.com/dokidokidiscourse

Second channel:
https://youtube.com/@DokiDokiDos

Sources: https://docs.google.com/document/d/1NNcBShIpBSuOd3vWfZzegvppnBujOYkvxfSSE0ex2gg/edit?usp=sharing","LGBT,LGBTQ,Transgender,Trans,Pride Month,Video Essay,Cisgender,Politics,Bathroom Bill,Anti-Trans Legislation,School Sports,Trans Sports,Ohio,Kentucky,Idaho,Leftist,Breadtube,DDD,Serena Williams,Tennis,WTA,WNBA,Womens Soccer,The Trevor Project,Athlete Ally,ACLU,Jackie Robinson,42,42 Movie,Sports Integration,Baseball,Baseball Integration,Lesbian,Gay,Bisexual,LGBTQ Creator",27,1080,0
How Conservatives Enable School Shootings,2022-06-01T21:22:07Z,PT33M31S,81539,6127,N/A,Doki Doki Discourse,UCgQcWW5Tbfnv79TT41thXKQ,"Howdy y'all, in light of the most recent major school shooting in Uvalde, Texas I thought we should take a look at how conservatives respond to these shooting as well as examine what measures we can take to prevent future mass shootings.

Follow Me:
Twitter: https://twitter.com/DokiDiscourse?s=20
Instagram: https://www.instagram.com/doki_doki_discourse/
TikTok: https://www.tiktok.com/@dokidokidiscourse

Support me on Patreon:
https://www.patreon.com/DokiDokiDiscourse

Support me on Ko-fi:
https://ko-fi.com/dokidokidiscourse

Second channel:
https://youtube.com/@DokiDokiDos

Sources:
https://docs.google.com/document/d/1lGdO1BY9CuWHXqVYF5xq5dJBdatM0xXbtnmYP1ra4aM/edit?usp=sharing","School Shootings,Mass Shootings,Uvalde,Uvalde Shooting,Buffalo Shooting,Gun Control,Guns,AR-15,Assault Weapons,Universal Background Checks,Safe Storage Laws,Video Essay,Politics,Political,Leftist,Conservatives,School Resource Officer,Armed Teachers,Red Flag Laws,Breadtube,Mental Health,DDD,Doki Doki,DDD Guns,Gun Confiscation,Democrats,Republicans,Manchin,Sinema,Biden,Police,Mental Illness,Mental Health Mass Shootings,Liberals,Paul Gosar,Firearms,Progressive",27,1359,0
What is PragerU?  Supercut,2022-05-19T15:43:02Z,PT2H32S,172835,7530,N/A,Doki Doki Discourse,UCgQcWW5Tbfnv79TT41thXKQ,"Howdy y'all, here's a supercut version for anyone who prefers watching my ""What is PragerU?"" series in the form of a feature-length movie. 

Chapters
What is PragerU?: 0:00
What is PragerFORCE?: 25:14
What is PREP?: 34:25
What is PragerU Kids?: 50:52
Who is Dennis Prager?: 1:24:35

Follow Me:
Twitter: https://twitter.com/DokiDiscourse?s=20
Instagram: https://www.instagram.com/doki_doki_discourse/
TikTok: https://www.tiktok.com/@dokidokidiscourse

Support me on Patreon:
https://www.patreon.com/DokiDokiDiscourse 

Support me on Ko-fi:
https://ko-fi.com/dokidokidiscourse

Second channel:
https://youtube.com/@DokiDokiDos

Sources in description of associated part:
Part 1: https://youtu.be/YwKAMie0y1o
Part 2: https://youtu.be/d6zOfMD1FJg
Part 3: https://youtu.be/V3VHYEwq_2A
Part 4: https://youtu.be/RPXw3Hcrr00
Part 5: https://youtu.be/rMtZH2AdAHs","PragerU,PragerForce,Prep,PragerU Kids,Dennis Prager,Prager,PragerU Debunk,What is PragerU,PragerU Lies,Breadtube,Leftist,Video Essay,PragerU Response,PragerU Supercut,PragerU Movie,DDD,Doki Doki Discourse PragerU,DDD Movie,PragerU Explained,Leftist PragerU,PragerU Students,PragerU Parents,Conservative,Political,Politics,Will Witt,Amala Ekpunobi,PragerU Lies to you,Candace Owens,Steven Crowder,Mike Rowe,Wilkes Brothers,PragerU Money,Judeo Christian",27,939,0
Who is Dennis Prager?,2022-05-13T21:17:42Z,PT36M21S,13137,670,N/A,Doki Doki Discourse,UCgQcWW5Tbfnv79TT41thXKQ,"Howdy y'all, in the 5th and final part of my ""What is PragerU?"" series we take a look at the man himself, Dennis Prager, and delve deeper into his ideology which drives PragerU as a whole.

Part 1: https://youtu.be/YwKAMie0y1o
Part 2: https://youtu.be/d6zOfMD1FJg
Part 3: https://youtu.be/V3VHYEwq_2A
Part 4: https://youtu.be/RPXw3Hcrr00

Follow Me:
Twitter: https://twitter.com/DokiDiscourse?s=20
Instagram: https://www.instagram.com/doki_doki_discourse/
TikTok: https://www.tiktok.com/@dokidokidiscourse

Support me on Patreon:
https://www.patreon.com/DokiDokiDiscourse

Support me on Ko-fi:
https://ko-fi.com/dokidokidiscourse

Second channel:
https://youtube.com/@DokiDokiDos

Sources: https://docs.google.com/document/d/1Xay4y_gEzSZC20Te3wJ1OLxxdL_IEoYga5Ny7vxruh4/edit?usp=sharing","Prager University,PragerU Response,Debunk,Dennis Prager,Covid,Dennis Prager Covid,DOMA,LGBTQ,Leftist,Breadtube,PragerU Debunked,What is PragerU,PragerForce,PragerU Kids,TPUSA,Video Essay,Daily Wire,Focus on the Family,Koch Brothers,Wilkes Brothers,Politics,Political,Mike Bloomberg,Bloomberg,Michael Bloomberg,PragerU,Prager,DDD,Doki Discourse,DDD What is PragerU,Homophobia,Islamophobia,Coronavirus,Vaccine,Judaism,Orthodox,Religion,Citizens United,Lobbying,LGBT",27,51,0
"""Don't Say Gay"": How the Right Uses Stigma",2022-04-02T20:36:33Z,PT23M47S,73337,4247,N/A,Doki Doki Discourse,UCgQcWW5Tbfnv79TT41thXKQ,"Howdy y'all, in light of the ""don't say gay"" bill being signed into law in Florida I wanted to talk about a broader political trend I consider it to be a part of.

Thoughtslime Homelessness video: https://youtu.be/z6njzAq7ttA

https://youtu.be/yDp3cB5fHXQ?si=z2XUwbP5zH8rqjgn

Follow Me:
Twitter: https://twitter.com/DokiDiscourse?s=20
Instagram: https://www.instagram.com/doki_doki_discourse/
TikTok: https://www.tiktok.com/@dokidokidiscourse

Support me on Patreon:
https://www.patreon.com/DokiDokiDiscourse

Support me on Ko-fi:
https://ko-fi.com/dokidokidiscourse

Second channel:
https://youtube.com/@DokiDokiDos

Sources: https://docs.google.com/document/d/1knsOiQoYWNv4dqiFG5bRfaPDKmLPZ_rme8G_nYivHIU/edit?usp=sharing","DDD,Disney,Desantis,Don't Say Gay,Florida,Abortion,Homeless,Homelessness,CSE,Gay Youth,LGBT,LGBTQ,Trans,Transgender,Teen,Ron Desantis,Politics,Disney Don't Say Gay,Don't Say Gay Bill,Stigma,Social Stigma,Abortion Rights,Pro Choice,Video Essay,Breadtube,Leftist,PragerU,Prager University,PragerU Homeless,Right Wing,Republicans,Los Angeles Homeless,Needle Exchange,War on Drugs,TDOV,DDD Stigma,CSE Protests,LGBT Education,LGBT Rights,LGBT Florida,LGBT Disney",27,960,0
What is PragerU Kids?,2022-03-13T22:41:01Z,PT34M22S,19608,922,N/A,Doki Doki Discourse,UCgQcWW5Tbfnv79TT41thXKQ,"Howdy y'all, in part 4 of my ""What is PragerU?"" series we take a look at PragerU kids, and all the horrible content that they've made for it, be sure to subscribe so you don't miss the next part

Part 1: https://youtu.be/YwKAMie0y1o
Part 2: https://youtu.be/d6zOfMD1FJg
Part 3: https://youtu.be/V3VHYEwq_2A
Part 5: https://youtu.be/rMtZH2AdAHs

Follow Me:
Twitter: https://twitter.com/DokiDiscourse?s=20
Instagram: https://www.instagram.com/doki_doki_discourse/
TikTok: https://www.tiktok.com/@dokidokidiscourse

Support me on Patreon:
https://www.patreon.com/DokiDokiDiscourse

Support me on Ko-fi:
https://ko-fi.com/dokidokidiscourse

Second channel:
https://youtube.com/@DokiDokiDos

Sources: https://docs.google.com/document/d/1vo4-TJnx7KlY-OOyFv_XKZwG-nH3VtEXplIGRF4TFF8/edit?usp=sharing","DDD,Doki,Doki Doki Discourse,PragerU,What is PragerU,PragerU Kids,What is PragerU Kids,PragerU Reagan,PragerU Debunk,TBH History,Leo and Layla,Otto's Tales,Jill Simonian,PragerU How To,Craftory,Dennis Prager,Prager University,PragerU Lies to You,DDD PragerU,Cornelius Vanderbilt,PragerU Socialism,PragerU Vanderbilt,PragerU Lies,DDD What is PragerU,PragerU YTP,PragerU Debunked,Debunk,Breadtube,Leftist,Video Essay,DDD PragerU Kids,PREP,DDD PREP,PU",27,120,0
What is PREP?,2022-02-13T18:38:14Z,PT17M5S,7087,452,N/A,Doki Doki Discourse,UCgQcWW5Tbfnv79TT41thXKQ,"Howdy y'all, in part 3 of my ""What is PragerU?"" series we take a look at the PragerU parent and educator group ""PREP"", be sure to subscribe so you don't miss the next part

Part 1: https://youtu.be/YwKAMie0y1o
Part 2: https://youtu.be/d6zOfMD1FJg
Part 4: https://youtu.be/RPXw3Hcrr00
Part 5: https://youtu.be/rMtZH2AdAHs

Follow Me:
Twitter: https://twitter.com/DokiDiscourse?s=20
Instagram: https://www.instagram.com/doki_doki_discourse/
TikTok: https://www.tiktok.com/@dokidokidiscourse

Support me on Patreon:
https://www.patreon.com/DokiDokiDiscourse

Support me on Ko-fi:
https://ko-fi.com/dokidokidiscourse

Second channel:
https://youtube.com/@DokiDokiDos

Sources: https://docs.google.com/document/d/1F3zgykY5pk-DXzrFSftsdQXrX1h9c6N_w1IJLANsLRA/edit?usp=sharing","PragerU,PREP,PragerU PREP,dennis prager,prager,what is prageru,what is prep,PREP explained,PragerU lies to you,Prager Prep,Doki,Doki Doki Discourse,DDD,DDD Prep,DDD Prageru,Doki Doki Discourse Prep,Parents,Educators,Schools,Daughters of the Confederacy,PragerU Lies,Critical Race Theory,CRT,PragerU Kids,PragerU Parents,Prager Kids,Pragerforce,PragerU CRT,CRT Protests,Culture War,Leftist,Breadtube,PragerU Debunk,Response,PragerU the left,DDD What is",27,30,0
What is PragerFORCE?,2022-02-02T00:04:04Z,PT10M,5161,357,N/A,Doki Doki Discourse,UCgQcWW5Tbfnv79TT41thXKQ,"Howdy y'all, in part 2 of my ""What is PragerU?"" series we take a look at the PragerU student organization ""PragerFORCE"", be sure to subscribe so you don't miss the next part

Part 1: https://youtu.be/YwKAMie0y1o
Part 3: https://youtu.be/V3VHYEwq_2A
Part 4: https://youtu.be/RPXw3Hcrr00
Part 5: https://youtu.be/rMtZH2AdAHs

Follow Me:
Twitter: https://twitter.com/DokiDiscourse?s=20
Instagram: https://www.instagram.com/doki_doki_discourse/
TikTok: https://www.tiktok.com/@dokidokidiscourse

Support me on Patreon:
https://www.patreon.com/DokiDokiDiscourse

Support me on Ko-fi:
https://ko-fi.com/dokidokidiscourse

Second channel:
https://youtube.com/@DokiDokiDos

Sources (i usually make a doc but there were only a couple this time so I'm just gonna link them):

-""What's inside a PragerU Influencer box?"": https://youtu.be/laPnfcN6D58
-https://www.timesofisrael.com/super-conservative-prageru-aims-to-arm-pro-israel-students-for-their-campus-wastelands/
-https://www.prageru.com/pragerforce","Alex,PragerU,Prager,Prager University,PragerU Debunk,What is PragerU,Leftist,Breadtube,PragerU Lies to You,PragerU Lies,Doki,Doki Doki Discourse,Doki Discourse,DDD,Doki Doki Discourse PragerU,Leftist PragerU,Woke,The PragerU Story,PragerU Story,PragerU Explained,Dennis Prager,PragerForce,PragerU Students,The Catacomb Diaries,PragerU Kids,What is Pragerforce,PragerU activism,PragerForce students,PragerForce explained,Leftist Pragerforce,DDD PragerForce",27,27,0
What is PragerU?,2022-01-07T23:29:23Z,PT26M9S,6259,449,N/A,Doki Doki Discourse,UCgQcWW5Tbfnv79TT41thXKQ,"Howdy y'all, in part one of my ""What is PragerU?"" series we take a look at the founding, content, and controversies of the organization.  Subscribe to see the next part (parts will be linked here as they are released)

Part 2: https://youtu.be/d6zOfMD1FJg
Part 3: https://youtu.be/V3VHYEwq_2A
Part 4: https://youtu.be/RPXw3Hcrr00
Part 5: https://youtu.be/rMtZH2AdAHs

Follow Me:
Twitter: https://twitter.com/DokiDiscourse?s=20
Instagram: https://www.instagram.com/doki_doki_discourse/
TikTok: https://www.tiktok.com/@dokidokidiscourse

Second channel:
https://youtube.com/@DokiDokiDos

Support me on Patreon:
https://www.patreon.com/DokiDokiDiscourse

Support me on Ko-fi:
https://ko-fi.com/dokidokidiscourse

Reccomended PragerU debunking videos:
‚ÄúHow PragerU Lies to You‚Äù -Shaun
https://youtu.be/EM7BgrddY18
‚ÄúHow PragerU Lies to You: Charlottesville‚Äù -Shaun
https://youtu.be/4T45Sbkndjc
‚ÄúPrager U's wild anti-homeless propaganda!‚Äù -Thought Slime
https://youtu.be/z6njzAq7ttA
‚ÄúPragerU Is Conservative Junk Food‚Äù -Jose
https://youtu.be/ODe3HSMkHKM
‚ÄúPragerU‚Äôs Disgusting Slavery Video‚Äù -Doki Doki Discourse
https://youtu.be/rM3pNTjnGWg

Videos on Youtube radicalization:
‚ÄúThe Alt-Right Playbook: How to Radicalize a Normie‚Äù -Innuendo Studios
https://youtu.be/P55t6eryY3g
‚ÄúHow to Fall Down the Anti-SJW Rabbit Hole‚Äù -Three Arrows
https://youtu.be/69obN625Fjs
‚ÄúThe PewDiePipeline: how edgy humor leads to violence‚Äù -NonCompete
https://youtu.be/pnmRYRRDbuw 

Sources: https://docs.google.com/document/d/13NaKjzEIKt1tIGQsEAlkJh749TByECAG0bfSwMeLRmQ/edit?usp=sharing","Alex,PragerU,Prager,Prager University,Candace Owens,PragerU Debunk,Owen Benjamin,Steven Crowder,Ayaan Hirsi Ali,PragerU Radicalism,What is PragerU,Leftist,Breadtube,Mike Rowe,Wilkes Brothers,PragerU Money,PragerU Lies to You,PragerU Lies,Doki,Doki Doki Discourse,Doki Discourse,DDD,Doki Doki Discourse PragerU,Leftist PragerU,PragerU Islam,Woke,Will Witt,Amala Ekpunobi,The PragerU Story,PragerU Story,Karlyn Borysenko,PragerU Explained,Dennis Prager",27,25,0
How Racism Ruined American Elections: The History of the Black Vote,2021-12-16T17:28:26Z,PT37M28S,6601,543,N/A,Doki Doki Discourse,UCgQcWW5Tbfnv79TT41thXKQ,"Howdy y'all, today's video is a special one because it's actually my final project for my African American history course.  In this one I go over the entire history of African American voting rights and the attacks on those rights.  I hope you enjoy.

Follow Me:
Twitter: @DokiDiscourse
Instagram: @doki_doki_discourse
TikTok: @dokidokidiscourse

Second channel:
https://youtube.com/@DokiDokiDos

Support me on Patreon:
https://www.patreon.com/DokiDokiDiscourse

Support me on Ko-fi:
https://ko-fi.com/dokidokidiscourse

Sources: https://docs.google.com/document/d/1lvsa1pHVZ6C4iuEoSB_QJd0DzEugIcGSgj1DP6SMJ2Q/edit?usp=sharing

I had voice actors for this video, they're all lovely people so go check them out:

@Krisflui: https://twitter.com/Krisflui
@rennerae: https://twitter.com/rennerae
@Oddhi5: https://twitter.com/Oddhi5
@snoopyswaggy666: https://twitter.com/snoopyswaggy666
@ManofFreeze: https://twitter.com/ManofFreeze
@Walmaaaaaaaaart: https://twitter.com/Walmaaaaaaaaart","Alex,Doki Doki,History,reconstruction,civil war,1920s,constitution,war on drugs,mass incarceration,voting,vote,voter id,black voters,african americans,african american history,black history,naacp,web du bois,nixon,madison,reagan,poll taxes,literacy tests,electoral college,colfax,colfax massacre,slavery,three fifths compromise,3 5ths compromise,america,american history,us history,us,usa,political history,voting rights,suffrage,civil rights movement,blm",27,43,0
Why Does the Right Keep Making Up Problems?,2021-11-15T19:30:20Z,PT13M31S,48206,3806,N/A,Doki Doki Discourse,UCgQcWW5Tbfnv79TT41thXKQ,"Howdy y'all, today we take a look at how conservatives make up issues, why that is, and what we can do about it.

Follow Me:
Twitter: @DokiDiscourse
Instagram: @doki_doki_discourse
TikTok: @dokidokidiscourse

Second channel:
https://youtube.com/@DokiDokiDos

Support me on Patreon:
https://www.patreon.com/DokiDokiDiscourse

Support me on Ko-fi:
https://ko-fi.com/dokidokidiscourse

Sources: https://docs.google.com/document/d/1Krj0YTRJDDwgl2XEANvIdmyyvnZU7IANhPioNmt8B3c/edit?usp=sharing 

""Why Is Critical Race Theory?"" Some More News: https://youtu.be/UZhW1k_m7OY

""The Alt-Right Playbook: Control The Conversation"" Innuendo Studios: https://youtu.be/CaPgDQkmqqM","Alex,alex4rep,Doki,Doki Doki Discourse,DDD,Politics,Conservative,CRT,Critical Race Theory,Trans,Transgender,Trans Sports,C16,Voter ID,Voter Fraud,Voting Rights,Election,Fake Issues,Conservative lies,Breadtube,Leftist,Left,Socialist,Socialism,Doki Doki Discourse Conservatives,Political Commentary,Entertainment,Political Humor,Virginia Election,Trans Bathroom Bills,Trans Rights,Leftist Politics,Conservative Voter ID,Election Fraud,Right Wing Media,Prageru,Fox",24,682,0
PragerU is Wrong About Politics and Sports,2021-10-23T16:31:56Z,PT28M25S,21868,1308,N/A,Doki Doki Discourse,UCgQcWW5Tbfnv79TT41thXKQ,"Howdy y'all, today we take a romp through sports history up till the present in order to respond to and debunk PragerU's video ""Get Politics Out of Sports"" presented by Jason Whitlock.

PragerU video: https://youtu.be/E4jUP5I-rZI 

Let's Talk About Colin Kaepernick | Chart Party: https://youtu.be/1I0cUTXwr-k

Woke Brands: https://youtu.be/06yy88tLWlg 

Sources and Citations: https://docs.google.com/document/d/1bz8Fot0uEwWsh95yVExNsR2oU5UDkI441foQu6YkMTY/edit?usp=sharing

Follow Me:
Twitter: @DokiDiscourse
Instagram: @doki_doki_discourse
TikTok: @dokidokidiscourse

Second channel:
https://youtube.com/@DokiDokiDos

Support me on Patron:
https://www.patreon.com/DokiDokiDiscourse

Support me on Ko-fi:
https://ko-fi.com/dokidokidiscourse","Alex,alex4rep,Doki Doki Discourse,PragerU,Prager University,Sports,Jesse Owens,Joe Louis,Colin Kaepernick,Kaepernick,PragerU Response,PragerU Debunk,PragerU Kaepernick,Kaepernick Protest,Leftist,Response Video,DDD,Doki Doki Discourse PragerU,Sports Protest,Free Speech,History,Sports History,Baseball,Football,Track,Basketball,Lebron,Lebron James,Olympics,1968 Olympics,1936 Olympics,Socialist,Democratic Socialist,Socialism,PragerU Lies To You,PragerU Lies,DD",27,134,0
PragerU's Disgusting Slavery Video,2021-09-30T22:33:39Z,PT28M25S,364995,19766,N/A,Doki Doki Discourse,UCgQcWW5Tbfnv79TT41thXKQ,"Howdy y'all, today we're taking a look at the PragerU video ""A Short History of Slavery"" presented by the ever shameless Candace Owens.

""Celebrating Columbus"" PragerU Response: 
https://youtu.be/4_3b7wCeScQ

Sources:
https://docs.google.com/document/d/1sr783wtyFoVryNk87veMHYE3NOTPoF-kf_6OosOwgsk/edit?usp=sharing

I forgot to mention it but if you want to make sure I'm not taking PragerU out of context here's the link to their video:
 https://youtu.be/NO_wmixXBdE

Follow Me:
Twitter: @DokiDiscourse
Instagram: @doki_doki_discourse
TikTok: @dokidokidiscourse

Second channel:
https://youtube.com/@DokiDokiDos

Support me on Patron:
https://www.patreon.com/DokiDokiDiscourse

Support me on Ko-fi:
https://ko-fi.com/dokidokidiscourse

If you're looking for some other content to watch here's a few videos that I enjoyed on related topics:

""Prison Labor: Last Week Tonight with John Oliver"": https://youtu.be/AjqaNQ018zU

""History Summarized: Africa"": https://youtu.be/Jk3iOqKOD7g

Share this video, that'd be cool","Alex,alex4rep,DDD,Doki,Doki doki discourse,prageru,slavery,prageru slavery,prageru response,prageru debunked,candace,candace owens,candace owens slavery,doki doki discourse slavery,prageru candace owens,pragerurine,breadtube,leftist,socialist,lefttube,entertainment,history,atlantic slave trade,africa,african slavery,white slavery,prison slavery,prison labor,prison workers,prageru prison,america,american slavery,us,usa,us history,african history,black slavery",27,2147,0
"Recycled Racism, The History of Voter ID Laws",2021-08-12T19:41:08Z,PT11M58S,4093,375,N/A,Doki Doki Discourse,UCgQcWW5Tbfnv79TT41thXKQ,"Howdy y'all, in this vid I discuss a common bad-faith conservative argument, the problems with voter id legislation, and the history of racist attacks on black voters in the United States.

Sources and Citations: https://docs.google.com/document/d/14etU-b3ZTKRGo3QmjcCe_flWLXad_TjZSYRbD9i58nA/edit?usp=sharing

Follow Me:
Twitter: @DokiDiscourse
Instagram: @doki_doki_discourse
TikTok: @dokidokidiscourse

Support me on Patron:
https://www.patreon.com/DokiDokiDiscourse

Support me on Ko-fi:
https://ko-fi.com/dokidokidiscourse","Alex,alex4rep,Voter ID,Poll Taxes,Literacy Tests,Elections,Voter Fraud,PragerU,Candace Owens,Fox News,Voter Fraud Debunked,PragerU Debunked,History,Election History,Civil Rights,Doki,Doki Doki Discourse,Voter ID Racist,Hawk Newsome,Voter ID Debunked,Voter ID History,Reconstruction Era,Black Voters,PragerU Voter ID,Candace Owens Voter ID,Fox News Voter ID,Leo Terrell,Current Events,Election Integrity,Election Laws,Voting Rights,US History,US,USA",27,39,0
The Life of Benito Mussolini,2021-08-04T14:48:52Z,PT7S,3187,324,N/A,Doki Doki Discourse,UCgQcWW5Tbfnv79TT41thXKQ,"Howdy y'all, meme time again, this time featuring benito mussolini

this one's definitely gonna get me copyright striked by disney

Support me on Patron:
https://www.patreon.com/DokiDokiDiscourse

Support me on Ko-fi:
https://ko-fi.com/dokidokidiscourse","meme,memes,mussolini,benito,benito mussolini,mussolini meme,fresh prince,bel air,fresh prince of bel air,fresh prince meme,funny,comedy,fresh prince of bel air meme,the life of mussolini,mussolini death,fresh prince mussolini,alex,doki,doki doki discourse,doki doki discourse memes,doki memes,doki meme,doki mussolini,doki mussolini memes,ww2,ww2 memes,history,history memes,world war 2,world war 2 memes",23,16,0
Turning Point USA is scared of children's books,2021-07-07T15:42:54Z,PT17M43S,3552,313,N/A,Doki Doki Discourse,UCgQcWW5Tbfnv79TT41thXKQ,"Howdy y'all, today's video is about the conservative ""activist"" group Turning Point USA (TPUSA).  And one woman's fight against the evils that is children's literature.

The Article: https://www.tpusa.com/live/barnes-and-noble-places-propaganda-series-in-childrens-section

My Socials:
Twitter: https://twitter.com/DokiDiscourse
TikTok: https://t.co/4w9YsDGbAN?amp=1
Instagram: https://www.instagram.com/doki_doki_discourse/

Support me on Patron:
https://www.patreon.com/DokiDokiDiscourse

Support me on Ko-fi:
https://ko-fi.com/dokidokidiscourse","Alex,alex4rep,TPUSA,Turning Point USA,Toilet Paper USA,Charlie Kirk,Jordan Rachel,Who Was,Who Is,Kamala Harris,Michelle Obama,AOC,Richard Nixon,Ronald Reagan,Che Guevara,Fidel Castro,Doki Doki,Doki Doki Discourse,Doki Doki Discourse TPUSA,Propaganda,Barnes and Nobles,Who Was Books,TPUSA childrens books,Childrens books,Castro,che,Obama,Nixon,Reagan,Entertainment,Politics,Socialist,Leftist,Conservative,Rageosphere,DDD,Doki Doki TPUSA,Doki,TPUSA scared,Kirk",24,44,0
PragerU on Victimhood,2021-06-20T20:58:08Z,PT33S,3085,317,N/A,Doki Doki Discourse,UCgQcWW5Tbfnv79TT41thXKQ,"Howdy y'all lil meme to tide y'all over until the next vid

Support me on Patron:
https://www.patreon.com/DokiDokiDiscourse

Support me on Ko-fi:
https://ko-fi.com/dokidokidiscourse

music:


Mr. Blue Sky
Song by Electric Light Orchestra","meme,memes,prageru,leftist,leftist memes,socialist,socialist memes,prageru memes,pragerurine,prageru censorship,alex,alex4rep,doki,doki doki,doki doki discourse,doki doki discourse memes,ddd,doki doki discourse prageru,prager university,leftism,prageru censorship memes,censorship",23,23,0
"""Celebrating Columbus"" PragerU Response",2021-05-31T00:09:01Z,PT21M45S,45578,2461,N/A,Doki Doki Discourse,UCgQcWW5Tbfnv79TT41thXKQ,"Howdy y'all, I'm back with another PragerU Response, this time to their video ""Celebrating Columbus"" by Michael Knowles.

Support me on Patron:
https://www.patreon.com/DokiDokiDiscourse

Support me on Ko-fi:
https://ko-fi.com/dokidokidiscourse

Timestamps:
0:00 - Intro
0:31 - Part 1
8:31 - Part 2 (CW: Genocide)
13:23 - Part 3
19:12 - Test Questions
21:03 - Final Thoughts

If you enjoyed this video consider sharing it with a friend, if you didn't enjoy this video consider sharing it with an enemy. 

PragerU Vid: https://youtu.be/kBwawG0bPJc 

My socials:
Twitter: https://twitter.com/DokiDiscourse
Instagram: https://www.instagram.com/doki_doki_discourse/

Sources:
Columbus thought it was Asia-[ https://www.livescience.com/16468-christopher-columbus-myths-flat-earth-discovered-americas.html]
The Founding Fathers and Columbus-[https://www.thenation.com/article/archive/the-invention-of-christopher-columbus-american-hero/]
Bartolome de las Casas-[https://en.wikipedia.org/wiki/Bartolom%C3%A9_de_las_Casas#History_of_the_Indies]
Columbus did Bad Math-[ Encyclop√¶dia Britannica, 1993 ed., Vol. 16, (1942, pp. 65, 93).]
Rodrigo de Triana-[https://curvesofindifference.wordpress.com/2013/06/02/tierra-tierra-or-why-christopher-columbus-was-one-of-historys-biggest-dickheads/]
The San Salvador Mixup-[https://www.nationalgeographic.org/thisday/oct12/columbus-makes-landfall-caribbean/#:~:text=la%20Cosa%20(1490)-,On%20October%2012%2C%201492%2C%20Italian%20explorer%20Christopher%20Columbus%20made%20landfall,Columbus%20renamed%20it%20San%20Salvador]
A People's History of the United States (PDF)-[https://mvlindsey.files.wordpress.com/2015/08/peoples-history-zinn-1980.pdf]
A People's History of the United States (Purchase Link)-[https://www.amazon.com/Peoples-History-United-States/dp/0062397346/ref=tmm_pap_swatch_0?_encoding=UTF8&qid=&sr=]
Eliot Morison's Book (I couldn't find a pdf but it's just the one quote from it, don't buy the book or anything, it's not worth it)-[https://www.google.com/shopping/product/5539203515571246074?q=eliot+morison+columbus&bih=722&biw=1536&hl=en&prds=eto:1537469811672460631_0&sa=X&ved=0ahUKEwi6_O_XzfLwAhVNZ80KHdodDWoQ8wII6wQ]

Thanks for watching.","Alex,alex4rep,PragerU,Prager,Prager U,Prager University,left,politics,political,socialist,prageru response,prageru response video,prageru debunked,prageru lies,debunking prageru,response,breadtube,lefttube,prageru lies to you,debunking,conservatives debunked,alex,Columbus,doki doki,doki doki discourse,columbus day,columbus good,columbus bad,celebrating columbus,christopher columbus,columbus voyage,history,prageru celebrating columbus,michael knowles,doki",27,266,0
Scandals of the House Page Program,2021-04-18T16:18:25Z,PT6M6S,881,62,N/A,Doki Doki Discourse,UCgQcWW5Tbfnv79TT41thXKQ,"Howdy y'all, today's video looks at the history of the page program of the United States House of Representatives.  I've been kind of interested in this program's history for a while now but I am excited to not have to research this stuff anymore.  You can only read through pedophile chatlogs for so long before it starts to take a toll on you y'know?

Support me on Patron:
https://www.patreon.com/DokiDokiDiscourse

Support me on Ko-fi:
https://ko-fi.com/dokidokidiscourse

Sources:

https://www.rollcall.com/2011/08/08/house-ends-page-program/  
https://www.reuters.com/article/us-obama-budget-pentagon/obama-seeks-record-708-billion-in-2011-defense-budget-idUSTRE6103C520100202 
https://www.nytimes.com/1983/07/15/us/ethics-panel-says-2-congressmen-had-sexual-relations-with-pages.html 
https://www.theguardian.com/world/2007/mar/10/usa.edpilkington 
https://www.cnn.com/2006/POLITICS/09/29/congressman.e.mails/index.html
 https://abcnews.go.com/Blotter/BrianRoss/story?id=2509586&page=1
http://content.time.com/time/specials/packages/article/0,28804,1907771_1907778_1907765,00.html
https://www.nbcnews.com/id/wbna15249733 
[the real mvp source]: https://en.wikipedia.org/wiki/Page_of_the_United_States_House_of_Representatives#Scandals

Thanks for watching and subscribe if you want to.","Alex,alex4rep,page,page program,us page program,page program scandals,mark foley,mark foley scandal,congressional sex scandals,scandals,sex scandals,us,united states,house of representatives,gerry studds,dan crane,daniel crane,page program sex scandal,united states government,us government,us history,history,house page program,matt gaetz,matt gaetz sex scandal,us sex scandal,government sex scandal,newt gingrich,us house,us senate,house page,pages",27,8,0
"""Who's More Radical: The Left or the Right?""  PragerU Response",2021-02-07T21:32:27Z,PT18M9S,43013,2943,N/A,Doki Doki Discourse,UCgQcWW5Tbfnv79TT41thXKQ,"In this video I look at the PragerU video ""Who's More Radical: The Left or the Right?"" [https://www.prageru.com/video/whos-more-radical-the-left-or-the-right/] and comment on their statements in addition to tackling the question myself.

Support me on Patron:
https://www.patreon.com/DokiDokiDiscourse

Support me on Ko-fi:
https://ko-fi.com/dokidokidiscourse

Shaun's channel: https://www.youtube.com/channel/UCJ6o36XL0CpYb6U5dNBiXHQ
Jos√©'s channel: https://www.youtube.com/channel/UCeDKIj0G5XbultKOQnacu_w

SOURCES:

Revolution/Slavery: [https://www.theatlantic.com/ideas/archive/2020/02/americas-twofold-original-sin/606163/]
AOC Tax Plan: [https://taxfoundation.org/70-tax-proposal/]
PragerU Funding: [https://www.dailydot.com/debug/prager-u-benefactors-dan-wilks-sheldon-adelson/]
Trans Athletes: [https://www.aclu.org/news/lgbt-rights/four-myths-about-trans-athletes-debunked/]
[https://thehill.com/opinion/civil-rights/479032-do-transgender-athletes-have-an-unfair-advantage?rl=1]
[https://theestablishment.co/no-female-trans-athletes-do-not-have-unfair-advantages-14b8e249f93c/index.html]
[https://en.wikipedia.org/wiki/Transgender_people_in_sports#Olympics]
Military Budget: [https://www.pgpf.org/chart-archive/0053_defense-comparison]
GND Popularity: [https://www.dataforprogress.org/green-new-deal-support]
Trump Tax Cuts: [https://www.forbes.com/sites/camilomaldonado/2019/10/10/trump-tax-cuts-helped-billionaires-pay-less-taxes-than-the-working-class-in-2018/?sh=feeb0a83128f]
Abortion: [https://www.guttmacher.org/perspectives50/abortion-and-after-legalization#]
Voter ID: [https://www.aclu.org/other/oppose-voter-id-legislation-fact-sheet]
Border Wall: [https://apnews.com/article/56d7094f0b554925abbd3d81f8ca74c8]
Selling Across State Lines: [https://www.nashp.org/wp-content/uploads/2017/02/Insurance-Across-State-Lines.pdf]
Millions Lose Healthcare: [https://www.americanactionforum.org/insight/20-million/]
Kids Saying Pledge: [https://www.politifact.com/factchecks/2020/sep/21/viral-image/students-still-say-pledge-schools/]","Alex,alex4rep,Snowy,Snowy Sphynx,SnowySphynx,PragerU,Prager,Prager U,Prager University,PragerU Radical,Who's more radical,left,right,politics,political,far left,far right,political extremes,extremist,socialist,nazis,prageru response,prageru left,prageru right,left vs right,prageru response video,prageru debunked,prageru lies,debunking prageru,response,breadtube,lefttube,prageru lies to you,will witt,will witt debunked,debunking,conservatives debunked,alex",27,379,0
Police Facts by Mio Honda,2021-01-08T19:20:20Z,PT45S,61225,3324,N/A,Doki Doki Discourse,UCgQcWW5Tbfnv79TT41thXKQ,"Mio Honda out here giving the straight facts on american police.

Support me on Patreon:
https://www.patreon.com/DokiDokiDiscourse

Support me on Ko-fi:
https://ko-fi.com/dokidokidiscourse

sources:

unarmed black people: https://www.usnews.com/news/articles/2020-06-03/data-show-deaths-from-police-violence-disproportionately-affect-people-of-color
marijuana: https://norml.org/marijuana/fact-sheets/racial-disparity-in-marijuana-arrests/
war on drugs: https://qz.com/645990/nixon-advisor-we-created-the-war-on-drugs-to-criminalize-black-people-and-the-anti-war-left/#:~:text=Nixon%20advisor%3A%20We%20created%20the,the%20anti%2Dwar%20left%20%E2%80%94%20Quartz&text=These%20are%20some%20of%20our%20most%20ambitious%20editorial%20projects.
white supremacists: https://www.theguardian.com/us-news/2020/aug/27/white-supremacists-militias-infiltrate-us-police-report
police corruption: https://www.aclu.org/issues/criminal-law-reform/reforming-police/police-corruption","Alex,music,alex4rep,idolmaster,the idolmaster,idolm@ster,mio,mio honda,step,mio honda step,mio honda fried chicken,mio honda meme,meme,police,blm,black lives matter,police brutality,defund the police,police memes,music memes,mio honda song,fried chicken song,fried chicken meme,idolmaster memes,idolmaster songs,blm memes,comedy,song memes,idolmaster song meme,leftism,political memes,animemes,anime music,anime,mio anime,step!,Mio honda step!,Step! mio",23,816,0
Dear Haters,2020-11-03T20:18:09Z,PT9S,2230,184,N/A,Doki Doki Discourse,UCgQcWW5Tbfnv79TT41thXKQ,please,"haters,dear haters,alex,alex4rep,comedy,joke,short videos,anime,animemes,memes,anime memes,anime joke,anime comedy,my haters,losers,stop it,feelings",23,6,0
Is ben shapiro sexy?,2020-10-17T02:12:38Z,PT16S,4129,356,N/A,Doki Doki Discourse,UCgQcWW5Tbfnv79TT41thXKQ,"In another episode of getting political with alex we delve into the most annoying thing i see on horny twitter

Support me on Patron:
https://www.patreon.com/DokiDokiDiscourse","ben shapiro,shapiro,ben,daily wire,ben daily wire,shapiro daily wire,ben shapiro daily wire,facts and logic,sexy,ben shapiro sexy,shapiro sexy,alex,alex ben shapiro,alex shapiro,politics,political,ben shapiro short,ben sharpener,liberals destroyed,ben shapiro destroyed,facts,logic,reasoning,debate,civility,violin,cello,bass,string trio,string ensemble,political memes,memes,political meme,ben shapiro memes,ben shapiro meme",23,40,0
Top 10 Reasons to Keep the Electoral College,2020-10-01T15:32:03Z,PT18S,2687,305,N/A,Doki Doki Discourse,UCgQcWW5Tbfnv79TT41thXKQ,here's the top ten reasons to keep the electoral college in the United States,"United states,us,usa,united states of america,america,ec,electoral college,election,voting,top ten,top 10,alex,alex4rep,alex top ten,alex top 10,top ten electoral college,top 10 electoral college,top ten ec,top 10 ec,comedy,funny,jok",23,40,0
